Number,GivenName,Surname,StreetAddress,City,State,ZipCode,Telephone
13853,Kate,Smart,Piazza Garibaldi 103,Sassa,AQ,67018,0364 9002265
2,Jasmine,Burke,Park Str. 54,DǬsseldorf Urdenbach,NW,40597,0211 77 92 77
3,Maryse,Rouleau,80 Bellion Drive,YALLINGUP SIDING,WA,6282,(08) 9021 1018
4,Alex,McEwan,Auerstrasse 96,Luzern,,6005,041 882 79 77
45,James,Howells,Cercas Bajas 56,Barcelona,B,8000,762 412 438
6,Justin,Tisdall,879 Jasper Ave,Edmonton,AB,T5J 3N6,780-932-6092
764331,Jai,Shapcott,Ortsstrasse 58,WIESENH�_F,ST,8243,0680 856 33 37
8,Nella,Loggia,Puerta Nueva 28,Yaiza,GC,35570,726 824 610
9,Ruby,Carr-Glyn,Glennerstrasse 126,Gfill,,4852,062 919 96 45
10,Lilly,Wilkinson,3350 Woodland Drive,Sioux City,IA,51108,712-239-7682
11,Luke,Holden,Via delle Vigne 13,Wahlendorf,,3046,031 426 97 86
12,Albertino,Marino,39 Monks Way,TOSBERRY,,EX39 0BU,078 5065 0027
16413,Michelina,Fiorentini,1024 Tully Street,Detroit,MI,48219,313-715-6929
14,Lois,Wright,Sch��nwalder Allee 37,LǬtjenburg,SH,24319,04381 43 06 14
15,James,Fleming,50 Bourke Crescent,YANAC,VIC,3418,(03) 5326 2313
12316,Livia,Piccio,87 Armstrong Street,GLADFIELD,VIC,3575,(03) 5381 3951
17,Olivia,Berg,Via A.G. Alaimo 29,Villanova Monferrato,AL,15030,0353 1824614
18,Kirstin,Sinclair,95 Springhill Bottom Road,BISHOPSBOURNE,TAS,7301,(03) 6250 0668
19,DorothǸe,Potvin,Bouci��a 16,Creixell,T,43838,604 766 130
220,Josefine,G��ransson,66 rue Banaudon,LYON,RA,69006,04.34.71.09.89
21,Roxie,Allman,Can��nigo Vali��o 80,Alberic,V,46260,677 830 245
22,Olliver,Jakobsson,ValǸestrasse 17,Oppligen,,3629,033 291 64 75
23,Ausilia,Russo,66 Ings Lane,DEBDEN GREEN,,CB11 9TG,077 6163 0642
24,Lucinda,Quiros,Via del Viminale 67,Cagliari,CA,9127,0384 3425033
25,Gemma,Dobson,Rosenweg 117,Lai,,7078,081 754 36 12
276,Darrin,Cox,Via Nizza 36,Basovizza,TS,34012,0377 2172045
27,NoǮl,Lanoie,Via Schliffras 16,Genestrerio,,6852,091 655 82 62
28,Yara,Hedlund,3704 Merton Street,Toronto,ON,M1L 3K7,416-985-2330
29,Albertine,De La Vergne,Pottendorfer Strasse 98,ROACH,KA,9536,0650 391 88 43
30,Arian,Hansson,Piazza Rezzonico 105,Villars-sous-Champvent,,1443,024 573 56 58
2341,Lidia,Pisani,1264 Hall Street,Las Vegas,NV,89101,702-552-7121
32,ThǸodore,Clavet,5 Hindhead Road,EAST BARNBY,,YO21 6JP,077 3912 9129
33,Alma,Reed,82 Terrick Rd,ELMBRIDGE,,WR9 6JQ,070 0711 4628
234,Fealty,SacrǸ,Passauer Strasse 66,UNTERDOBRAWALDH�_TTEN,NO,3543,0650 750 68 13
341475,Amelie,Jonasson,22 Derry Street,MURRUMBA DOWNS,QLD,4503,(07) 3551 3877
36,Stephanie,Collee,Via dei Fiorentini 142,San Paolo Bel Sito,NA,80030,0336 8234280
37,Sarah,Findlay,52 place Stanislas,NANCY,LO,54000,03.51.44.66.29
32178,Harvey,Gordon,1149 Thrash Trail,Longview,TX,75601,903-553-3603
39,Chloe,Bolton,4143 47th Avenue,Grassland,AB,T0A 1V0,780-525-3305
40,Camille,Bazin,Fuente del Gallo 83,Benamej��,CO,14910,696 243 768
41,Ewan,Parkinson,Piazza Guglielmo Pepe 124,Troviggiano,MC,62011,0346 9256320
42,Alba,Lund,1804 Lauzon Parkway,Windsor,ON,N8Y 4V1,519-981-5139
43,Laurence,Gordon,Plattenstrasse 28,Reconvilier,,2732,032 843 51 37
44,Lilly,Pownall,DreibǬndenstrasse 86,Danis,,7163,081 722 99 71
483385,Angelina,Gustavsson,Crta. Cǭdiz-Mǭlaga 41,Ribesalbes,CS,12210,678 133 736
46,John,Matheny,Landsberger Allee 82,MǬnchen,BY,80074,089 87 68 34
47,Dominic,Cumpston,Schuetzenweg 122,Merenschwand,,5634,062 483 13 66
42368,Courtney,Stevenson,65 Carolina Park Road,PALM GROVE,NSW,2258,(02) 9044 4949
49,Beatrice,Hamilton,3036 Brown Street,Oakland,CA,94607,925-895-2795
50,Timmy,Str��mberg,Via Gaetano Donizetti 84,Cherubine,VR,37050,0397 3614086
531,Cody,Walker,1 rue des Soeurs,LA CIOTAT,PA,13600,04.47.49.76.85
52,Bruno,Bergamaschi,59 Avenue des Tuileries,HAZEBROUCK,NP,59190,03.98.01.53.91
5213,Brodie,Miller,Calle Aduana 51,Zigoitia,VI,1138,606 789 292
54,Emilio,Romano,3597 Bridgeport Rd,Alliston,ON,L9R 1H4,705-435-6053
55,Georgia,Kenyon,91 Masthead Drive,PARK AVENUE,QLD,4701,(07) 4984 0773
51766,Archie,Harding,Breitenstrasse 133,Basel,,4007,061 817 47 71
5147,Manuele,Colombo,JosǸ mat��a 31,Arrazua-Ubarrundia,VI,1520,782 302 022
58,Jennifer,Robinette,53 rue Gustave Eiffel,ROANNE,RA,42300,04.17.81.19.20
59,Armina,Veronneau,Meinekestra�_e 21,G��ttingen,NI,37077,05502 80 93 66
60,Brice,Courtemanche,Valadouro 62,Maruri-Jatabe,BB,48112,646 700 803
6231,Aiden,Oppen,53 Boroughbridge Road,BISHOPBRIDGE,,LN2 5RE,079 4725 6349
62,Joe,Kerr,4269 Jehovah Drive,Mill Gap,VA,24465,540-499-7742
64323,Nathan,Benson,Feldham 16,DEUTSCHBACH,NO,3203,0680 711 03 26
64,Iven,HǸtu,16 Front Street,LAHILL,,KY9 5UJ,077 7145 7590
6325,Kelly,Chew,683 Scotchmere Dr,Chatham,ON,N7M 5J7,519-359-5624
61236,Ian,Johnston,Paraguay 6,Aspe,A,3680,619 181 544
61357,Hugh,Young,Avda. Enrique Peinador 48,Zarapicos,SA,37170,667 462 300
238,Corinne,Bonsaint,Rosa de los Vientos 84,Agudo,CR,13410,767 006 508
69,GǸrard,HuppǸ,60 cours Jean Jaures,BOULOGNE-BILLANCOURT,IL,92100,01.13.65.79.99
70,Ebony,Ritchie,Via Solfatara 105,Aquilonia,AV,83041,0384 6187700
71,Ruairidh,Ferguson,55 Friar Street,CLEWER VILLAGE,,SL4 4TQ,079 3913 6980
72,Zurie,Grondin,Guentzelstrasse 97,Gumbsheim,RP,55597,06703 67 49 56
7332,Mia,Towner,Sondanella 144,Grumo,,6717,091 974 19 56
783314,Kyle,Kerr,Rosenstrasse 20,MǬnchen,BY,81519,089 30 12 59
73425,Raimondo,Sagese,Leipziger Strasse 51,Wiesbaden,HE,65207,0611 62 34 43
726,Ian,Lindholm,Meinekestra�_e 2,Barver,NI,49453,05444 28 97 42
77,Yvon,LalibertǸ,3351 Findlay Creek Road,Sparwood,BC,V0B 2G0,250-433-4895
78,Johnny,Danielsson,Via Scala 29,Vendone,SV,17032,0344 6407515
79,Dylan,Murphy,639 Highland View Drive,West Sacramento,CA,95691,916-617-2907
80,Adnan,Nordstr��m,1122 Reserve St,Colborne,ON,K0K 1S0,905-355-3452
81,Arcangelo,Siciliano,Mittlerer Thalackerweg 83,RǬti,,5607,062 734 93 23
82,Owen,Haley,2 Girvan Grove,ROBINVALE IRRIGATION DISTRICT SECTION B,VIC,3549,(03) 5319 5003
83,Theodore,Mitchell,82 rue du PrǸsident Roosevelt,SARTROUVILLE,IL,78500,01.65.60.77.14
84,Elif,Sundberg,1115 Mill Street,Dublin,ON,N0K 1E0,519-345-3220
123,Sarah,Hanson,Via Guantai Nuovi 73,Afragola,NA,80021,0325 1015714
836,Luca,Atkin,34 Punchs Creek Road,SUGARLOAF,QLD,4380,(07) 4570 6388
87,Jodie,Barry,Valadouro 89,Fruiz,BB,48116,604 628 081
8548,Isabella,Stokes,70 Broomfield Place,STOW,,LN1 4EL,078 7494 4773
82359,Bailey,Hales,43 boulevard Bryas,CR�_TEIL,IL,94000,01.92.37.36.94
90,Kari,Thibault,Alcon Molina 50,Ansoǭin,NA,31195,614 351 521
91,Cristina,Schiavone,Wallstrasse 32,RǬber,RP,56295,02654 33 99 19
9232,Corey,Walsh,Jenaer Strasse 69,Duisburg,NW,47169,0203 19 40 07
93,Celina,Larsson,55 Ulomogo Street,ROCKY ROAD,NSW,2830,(02) 4006 3325
924,Alex,Hanson,Via Nizza 13,Olmi Di Treviso,TV,31050,0397 6727855
94525,Louisa,McMillan,Schachterlweg 1,P�_MLING,NO,3644,0664 130 07 45
9426,Arduino,Monaldo,Wurmbrandgasse 1,SEMMERING-KURORT,NO,2680,0688 565 05 44
937,Elliot,Aitken,Hallesches Ufer 69,Nufringen,BW,71154,07032 64 90 31
91238,Somerville,Rocheleau,Genslerstra�_e 15,Berlin Wedding,BE,13405,030 94 94 75
99,Gottfrid,Andreasson,C/ Cuesta del  ǁlamo 48,Pizarra,MA,29560,674 446 921
104320,Orlene,LabbǸ,Alt-Moabit 38,Bennewitz,SN,4860,03425 37 62 05
